id,conversation_id,created_at,date,timezone,place,tweet,language,hashtags,cashtags,user_id,user_id_str,username,name,day,hour,link,urls,photos,video,thumbnail,retweet,nlikes,nreplies,nretweets,quote_url,search,near,geo,source,user_rt_id,user_rt,retweet_id,reply_to,retweet_date,translate,trans_src,trans_dest
1400139375955042311,1400139375955042311,1622654215000.0,2021-06-02 13:16:55,-0400,,5 things Brad Stevens needs to do to succeed as Celtics president   https://t.co/ZeCamzrWka,en,[],[],16577011,16577011,SBNationNBA,SB Nation NBA,3,13,https://twitter.com/SBNationNBA/status/1400139375955042311,['https://www.sbnation.com/nba/2021/6/2/22465008/brad-stevens-boston-celtics-president-head-coaching-rumors'],[],0,,False,4,0,1,,None,,,,,,,[],,,,
1399740267377221635,1399740267377221635,1622559060000.0,2021-06-01 10:51:00,-0400,,Injuries are wrecking the NBA playoffs    https://t.co/qopcxWsMzj,en,[],[],16577011,16577011,SBNationNBA,SB Nation NBA,2,10,https://twitter.com/SBNationNBA/status/1399740267377221635,['https://www.sbnation.com/nba/2021/6/1/22461761/anthony-davis-injury-chris-paul-shoulder-luka-doncic-nerve-nba-injuries'],[],0,,False,10,1,1,,None,,,,,,,[],,,,
1397737063034671107,1397737063034671107,1622081459000.0,2021-05-26 22:10:59,-0400,,need this series to go to 7 games,en,[],[],16577011,16577011,SBNationNBA,SB Nation NBA,3,22,https://twitter.com/SBNationNBA/status/1397737063034671107,[],[],0,,False,91,1,17,https://twitter.com/SBNation/status/1397736963029889025,None,,,,,,,[],,,,
1397642264021717000,1397642264021717000,1622058857000.0,2021-05-26 15:54:17,-0400,,7 reasons why this year's NBA Playoffs feel wide open    https://t.co/yk5HFr4KrY,en,[],[],16577011,16577011,SBNationNBA,SB Nation NBA,3,15,https://twitter.com/SBNationNBA/status/1397642264021717000,['https://www.sbnation.com/nba/2021/5/26/22453749/nba-playoffs-2021-lakers-clippers-nets-lebron-injury-jazz'],[],0,,False,5,1,0,,None,,,,,,,[],,,,
1396816121974693888,1396816121974693888,1621861889000.0,2021-05-24 09:11:29,-0400,,Rudy Gobert tried to flop when he wasn't even in the game   https://t.co/Wf0OrjDYHB,en,[],[],16577011,16577011,SBNationNBA,SB Nation NBA,1,09,https://twitter.com/SBNationNBA/status/1396816121974693888,['https://www.sbnation.com/nba/2021/5/24/22450803/rudy-gobert-flop-jazz-vs-grizzlies-nba-playoffs-2021-game-1'],[],0,,False,12,0,1,,None,,,,,,,[],,,,
1396144602093166594,1396144602093166594,1621701786000.0,2021-05-22 12:43:06,-0400,,The West is wide open. Our team communities preview each series and give their first round picks.   https://t.co/UsYNPZpf01,en,[],[],16577011,16577011,SBNationNBA,SB Nation NBA,6,12,https://twitter.com/SBNationNBA/status/1396144602093166594,['https://www.sbnation.com/nba/2021/5/22/22440718/nba-playoff-predictions-western-conference-lakers-clippers'],[],0,,False,6,0,0,,None,,,,,,,[],,,,
1396139845077110788,1396139845077110788,1621700652000.0,2021-05-22 12:24:12,-0400,,Amazing coverage from @mavsmoneyball  https://t.co/us0B4A0YpH,en,[],[],16577011,16577011,SBNationNBA,SB Nation NBA,6,12,https://twitter.com/SBNationNBA/status/1396139845077110788,['https://twitter.com/KirkSeriousFace/status/1395757295339032590'],[],0,,False,5,1,1,https://twitter.com/KirkSeriousFace/status/1395757295339032590,None,,,,,,,[],,,,
1396132803054645248,1396132803054645248,1621698973000.0,2021-05-22 11:56:13,-0400,,Eastern Conference playoff predictions ---&gt;  Our communities preview the East playoffs and give their picks for every first round series:   https://t.co/AOjy3PRFca,en,[],[],16577011,16577011,SBNationNBA,SB Nation NBA,6,11,https://twitter.com/SBNationNBA/status/1396132803054645248,['https://www.sbnation.com/nba/2021/5/22/22440676/nba-playoff-predictions-eastern-conference-preview-2021'],[],0,,False,6,0,3,,None,,,,,,,[],,,,
1395405966204616705,1395405966204616705,1621525682000.0,2021-05-20 11:48:02,-0400,,The Lakers' repeat bid hinges on Anthony Davis playing every minute he can at the five:   https://t.co/KlrfkVMGHh,en,[],[],16577011,16577011,SBNationNBA,SB Nation NBA,4,11,https://twitter.com/SBNationNBA/status/1395405966204616705,['https://www.sbnation.com/nba/2021/5/20/22445505/los-angeles-lakers-anthony-davis-center-andre-drummond-playoffs-2021'],[],0,,False,5,0,0,,None,,,,,,,[],,,,
1395037141340721156,1395037141340721156,1621437747000.0,2021-05-19 11:22:27,-0400,,The Grizzlies and Spurs play their single elimination play-in game tonight. Here's what you can expect from the matchup.  @poundingtherock    https://t.co/z22bxV0OkD,en,[],[],16577011,16577011,SBNationNBA,SB Nation NBA,3,11,https://twitter.com/SBNationNBA/status/1395037141340721156,['https://trib.al/DqCdmHx'],[],0,,False,9,0,1,,None,,,,,,,[],,,,
1394855064322314240,1394855064322314240,1621394337000.0,2021-05-18 23:18:57,-0400,,Amazing!,en,[],[],16577011,16577011,SBNationNBA,SB Nation NBA,2,23,https://twitter.com/SBNationNBA/status/1394855064322314240,[],[],0,,False,9,0,0,https://twitter.com/SBNation/status/1394854970197901315,None,,,,,,,[],,,,
1394682633838370817,1394682633838370817,1621353226000.0,2021-05-18 11:53:46,-0400,,Predicting every game of the NBA play-in tournament:   https://t.co/ydx1111AHu,en,[],[],16577011,16577011,SBNationNBA,SB Nation NBA,2,11,https://twitter.com/SBNationNBA/status/1394682633838370817,['https://www.sbnation.com/nba/2021/5/18/22441801/nba-playoffs-2021-play-in-tournament-predictions-winners'],[],0,,False,2,0,1,,None,,,,,,,[],,,,
1394343582983720961,1394343582983720961,1621272390000.0,2021-05-17 13:26:30,-0400,,The NBA play-in tournament already feels like a success    https://t.co/Yp7bMhatHS,en,[],[],16577011,16577011,SBNationNBA,SB Nation NBA,1,13,https://twitter.com/SBNationNBA/status/1394343582983720961,['https://www.sbnation.com/nba/2021/5/17/22440076/nba-play-in-tournament-lakers-warriors-stephen-curry-lebron'],[],0,,False,6,0,0,,None,,,,,,,[],,,,
1393932982004682754,1393932982004682754,1621174495000.0,2021-05-16 10:14:55,-0400,,"From Kobe to KG to Tim Duncan to Tamika Catchings, the latest enshrinement at the Basketball Hall of Fame was filled with so many great moments   https://t.co/PZV3dLhjkB",en,[],[],16577011,16577011,SBNationNBA,SB Nation NBA,7,10,https://twitter.com/SBNationNBA/status/1393932982004682754,['https://www.sbnation.com/nba/2021/5/16/22438779/kobe-bryant-hall-of-fame-tim-duncan-kevin-garnett-speech-video'],[],0,,False,3,0,0,,None,,,,,,,[],,,,
1393252903415132163,1393252903415132163,1621012352000.0,2021-05-14 13:12:32,-0400,,Every NBA and WNBA player we know is part of the new ‚ÄòSpace Jam‚Äô Goon Squad   https://t.co/nR7y7APdD3,en,[],[],16577011,16577011,SBNationNBA,SB Nation NBA,5,13,https://twitter.com/SBNationNBA/status/1393252903415132163,['https://www.sbnation.com/nba/22436008/space-jam-2-goon-squad-nba-wnba-players'],[],0,,False,2,1,0,,None,,,,,,,[],,,,
1391060330340442114,1391060330340442114,1620489602000.0,2021-05-08 12:00:02,-0400,,Brook Lopez had the best reaction to getting dunked on   https://t.co/r5Hnsx7P93,en,[],[],16577011,16577011,SBNationNBA,SB Nation NBA,6,12,https://twitter.com/SBNationNBA/status/1391060330340442114,['https://www.sbnation.com/nba/2021/5/8/22426179/brook-lopez-dunked-on-reaction-kenyon-martin-jr'],[],0,,False,5,0,2,,None,,,,,,,[],,,,
1391050785107107842,1391050785107107842,1620487326000.0,2021-05-08 11:22:06,-0400,,Jimmy Butler still can't let go of his beef with Karl-Anthony Towns   https://t.co/HjfWSp7N4e,en,[],[],16577011,16577011,SBNationNBA,SB Nation NBA,6,11,https://twitter.com/SBNationNBA/status/1391050785107107842,['https://www.sbnation.com/nba/2021/5/8/22426221/jimmy-butler-karl-anthony-towns-trash-talk-heat-wolves-video'],[],0,,False,7,3,0,,None,,,,,,,[],,,,
1389943381804167174,1389943381804167174,1620223300000.0,2021-05-05 10:01:40,-0400,,"NBA MVP candidates, ranked:    https://t.co/0NKsf3NBth",en,[],[],16577011,16577011,SBNationNBA,SB Nation NBA,3,10,https://twitter.com/SBNationNBA/status/1389943381804167174,['https://www.sbnation.com/nba/2021/5/5/22409933/nba-mvp-candidates-2021-ranked-jokic-lebron-steph-curry-embiid'],[],0,,False,5,0,1,,None,,,,,,,[],,,,
1389227984851279884,1389227984851279884,1620052736000.0,2021-05-03 10:38:56,-0400,,"LeBron James hates the idea of the play-in tournament, but one of the Lakers, Trail Blazers, and Mavericks will be in it.   https://t.co/vZV0t5WuPm",en,[],[],16577011,16577011,SBNationNBA,SB Nation NBA,1,10,https://twitter.com/SBNationNBA/status/1389227984851279884,['https://www.sbnation.com/nba/2021/5/3/22417094/lebron-james-lakers-play-in-tournament-history'],[],0,,False,33,4,5,,None,,,,,,,[],,,,
1387429636318109701,1387429636318109701,1619623977000.0,2021-04-28 11:32:57,-0400,,This is what's at stake for every team in the NBA in the final stretch of the regular season   https://t.co/TUwNMF866a,en,[],[],16577011,16577011,SBNationNBA,SB Nation NBA,3,11,https://twitter.com/SBNationNBA/status/1387429636318109701,['https://www.sbnation.com/nba/2021/4/28/22403680/nba-stakes-every-team-lakers-76ers-clippers-heat-jazz'],[],0,,False,1,0,0,,None,,,,,,,[],,,,
1387041439096336386,1387041439096336386,1619531423000.0,2021-04-27 09:50:23,-0400,,Kevin Love is fed up  https://t.co/6x77FfEoun,en,[],[],16577011,16577011,SBNationNBA,SB Nation NBA,2,09,https://twitter.com/SBNationNBA/status/1387041439096336386,['https://www.sbnation.com/nba/2021/4/27/22405034/kevin-love-bad-pass-cleveland-cavaliers-trade'],[],0,,False,4,0,0,,None,,,,,,,[],,,,
1385618512987795462,1385618512987795462,1619192171000.0,2021-04-23 11:36:11,-0400,,"Raptors hazed their rookies by making them sing, according to Kyle Lowry, ""the greatest song in the history of songs""  He isn't wrong.    https://t.co/QbVuelwmo0",en,[],[],16577011,16577011,SBNationNBA,SB Nation NBA,5,11,https://twitter.com/SBNationNBA/status/1385618512987795462,['https://www.sbnation.com/nba/2021/4/23/22399425/toronto-raptors-miley-cyrus-party-in-the-usa-singing-rookie-hazing'],[],0,,False,7,0,1,,None,,,,,,,[],,,,
1384158387303182342,1384158387303182342,1618844050000.0,2021-04-19 10:54:10,-0400,,Joel Embiid and Ben Simmons both want Defensive Player of the Year   https://t.co/0XewUR3xzx,en,[],[],16577011,16577011,SBNationNBA,SB Nation NBA,1,10,https://twitter.com/SBNationNBA/status/1384158387303182342,['https://www.sbnation.com/nba/2021/4/18/22389402/joel-embiid-ben-simmons-defensive-player-of-the-year-nba-2021?traffic_source=Connatix'],[],0,,False,5,0,1,,None,,,,,,,[],,,,
1384145410374045705,1384145410374045705,1618840956000.0,2021-04-19 10:02:36,-0400,,Zion Williamson really loves New York:   https://t.co/HmoDS2ELHX,en,[],[],16577011,16577011,SBNationNBA,SB Nation NBA,1,10,https://twitter.com/SBNationNBA/status/1384145410374045705,['https://www.sbnation.com/nba/2021/4/18/22391072/zion-williamson-loves-new-york-knicks-madison-square-garden-quotes-video'],[],0,,False,2,0,0,,None,,,,,,,[],,,,
1381704818977280001,1381704818977280001,1618259074000.0,2021-04-12 16:24:34,-0400,,"Following the postponement, the Nets-Timberwolves game could be moved to Tuesday  @netsdaily   https://t.co/zA4FLTvPQJ",en,[],[],16577011,16577011,SBNationNBA,SB Nation NBA,1,16,https://twitter.com/SBNationNBA/status/1381704818977280001,['https://trib.al/bDlcx59'],[],0,,False,6,2,1,,None,,,,,,,[],,,,
1381681241842417667,1381681241842417667,1618253453000.0,2021-04-12 14:50:53,-0400,,This NBA x Rugrats collaboration is all your childhood self ever wanted.   https://t.co/kqujr7mzl6,en,[],[],16577011,16577011,SBNationNBA,SB Nation NBA,1,14,https://twitter.com/SBNationNBA/status/1381681241842417667,['https://trib.al/u51hDj3'],[],0,,False,2,1,1,,None,,,,,,,[],,,,
1381661841982652417,1381661841982652417,1618248827000.0,2021-04-12 13:33:47,-0400,,Pacers vets filling Cassius Stanley‚Äôs car with popcorn is the ultimate prank and punishment.   https://t.co/CLgdPA7YVX,en,[],[],16577011,16577011,SBNationNBA,SB Nation NBA,1,13,https://twitter.com/SBNationNBA/status/1381661841982652417,['https://trib.al/Nl0nM1b'],[],0,,False,3,0,0,,None,,,,,,,[],,,,
1381633696638328833,1381633696638328833,1618242117000.0,2021-04-12 11:41:57,-0400,,Miles Bridges baptized Clint Capela and possibly surpassed Anthony Edwards for dunk of the year üé• ‚¨áÔ∏è   https://t.co/eyXPziap7Z,en,[],[],16577011,16577011,SBNationNBA,SB Nation NBA,1,11,https://twitter.com/SBNationNBA/status/1381633696638328833,['https://trib.al/PL7zeDL'],[],0,,False,4,1,1,,None,,,,,,,[],,,,
1381620761463549954,1381620761463549954,1618239033000.0,2021-04-12 10:50:33,-0400,,"LeBron getting closer to a return is good news, even if it's a little later than many would have hoped.  @LakersSBN   https://t.co/vuBJ8pjBtw",en,[],[],16577011,16577011,SBNationNBA,SB Nation NBA,1,10,https://twitter.com/SBNationNBA/status/1381620761463549954,['https://trib.al/KnkFZc7'],[],0,,False,44,3,8,,None,,,,,,,[],,,,
1381606593108803585,1381606593108803585,1618235655000.0,2021-04-12 09:54:15,-0400,,"Joel Embiid is a great athlete who makes the right play most of the time, but @libertyballers dug into how improving his passing could make him even more of a threat.   https://t.co/YNTsFbBlFJ",en,[],[],16577011,16577011,SBNationNBA,SB Nation NBA,1,09,https://twitter.com/SBNationNBA/status/1381606593108803585,['https://trib.al/MJUws7w'],[],0,,False,3,0,0,,None,,,,,,,[],,,,
1381598973857697792,1381598973857697792,1618233838000.0,2021-04-12 09:23:58,-0400,,Andre Drummond isn‚Äôt going to let his ego get in the way of his main goal with the Lakers.  @lakerssbn   https://t.co/83RLYQA8XB,en,[],[],16577011,16577011,SBNationNBA,SB Nation NBA,1,09,https://twitter.com/SBNationNBA/status/1381598973857697792,['https://trib.al/LnGEk7K'],[],0,,False,4,1,0,,None,,,,,,,[],,,,
1380620689204449287,1380620689204449287,1618000597000.0,2021-04-09 16:36:37,-0400,,"RJ Barrett's stats show that he is one of the best young talents in the league, but he continues to go unrecognized.  @ptknicksblog   https://t.co/2t5fJNrnDm",en,[],[],16577011,16577011,SBNationNBA,SB Nation NBA,5,16,https://twitter.com/SBNationNBA/status/1380620689204449287,['https://trib.al/UXCLn0o'],[],0,,False,11,1,2,,None,,,,,,,[],,,,
1380586869164019715,1380586869164019715,1617992534000.0,2021-04-09 14:22:14,-0400,,Teams are not worried about the Suns charging through the West to the Finals.  @BrightSideSun digs into the obstacles the Suns have to overcome to make a playoff run.  https://t.co/RO9A2wSLZ2,en,[],[],16577011,16577011,SBNationNBA,SB Nation NBA,5,14,https://twitter.com/SBNationNBA/status/1380586869164019715,['https://trib.al/KpYReU6'],[],0,,False,3,1,0,,None,,,,,,,[],,,,
1380552494007394304,1380552494007394304,1617984338000.0,2021-04-09 12:05:38,-0400,,"Montrezl Harrell had Dennis Schr√∂der‚Äôs back, so Schr√∂der is returning the favor.  @lakerssbn    https://t.co/bPKXZ1OxHb",de,[],[],16577011,16577011,SBNationNBA,SB Nation NBA,5,12,https://twitter.com/SBNationNBA/status/1380552494007394304,['https://trib.al/4lKguNB'],[],0,,False,71,1,4,,None,,,,,,,[],,,,
1380547261155921921,1380547261155921921,1617983091000.0,2021-04-09 11:44:51,-0400,,"The refs' whistles should work both ways, but that hasn't been the case for the Nuggets. üé• ‚¨áÔ∏è  @denverstiffs   https://t.co/N1Ekxmprl2",en,[],[],16577011,16577011,SBNationNBA,SB Nation NBA,5,11,https://twitter.com/SBNationNBA/status/1380547261155921921,['https://trib.al/fOXys57'],[],0,,False,3,0,0,,None,,,,,,,[],,,,
1380540935604420608,1380540935604420608,1617981582000.0,2021-04-09 11:19:42,-0400,,"Marcus Smart may not always make the heads-up play, but he continues to show why he's valuable to the Celtics.  @celticsblog   https://t.co/bIw63RRpic",en,[],[],16577011,16577011,SBNationNBA,SB Nation NBA,5,11,https://twitter.com/SBNationNBA/status/1380540935604420608,['https://trib.al/2cHznc6'],[],0,,False,21,1,2,,None,,,,,,,[],,,,
1380534151951101954,1380534151951101954,1617979965000.0,2021-04-09 10:52:45,-0400,,"With Joel Embiid's health issues and Dwight Howard's constant foul trouble, the Sixers could use a third center.  But @liberty_ballers explains why not having a backup isn't a dealbreaker for Philly.  https://t.co/wyUAZkCzPm",en,[],[],16577011,16577011,SBNationNBA,SB Nation NBA,5,10,https://twitter.com/SBNationNBA/status/1380534151951101954,['https://trib.al/TUlWqCp'],[],0,,False,3,0,0,,None,,,,,,,[],,,,
1380260441386008580,1380260441386008580,1617914707000.0,2021-04-08 16:45:07,-0400,,"Marc Gasol may have lost his starting spot, but that doesn't change the way he feels about his team.  @lakerssbn   https://t.co/nlOwUHKOmQ",en,[],[],16577011,16577011,SBNationNBA,SB Nation NBA,4,16,https://twitter.com/SBNationNBA/status/1380260441386008580,['https://trib.al/OxK5Vgh'],[],0,,False,35,0,2,,None,,,,,,,[],,,,
1380254535734718464,1380254535734718464,1617913299000.0,2021-04-08 16:21:39,-0400,,Talent can only take the Nets so far. They need team chemistry too.  @netsdaily   https://t.co/r6z2YlvRRJ,en,[],[],16577011,16577011,SBNationNBA,SB Nation NBA,4,16,https://twitter.com/SBNationNBA/status/1380254535734718464,['https://trib.al/Cz5TpuI'],[],0,,False,15,0,3,,None,,,,,,,[],,,,
1380248663281262597,1380248663281262597,1617911899000.0,2021-04-08 15:58:19,-0400,,Blake Griffin in thriving with the Nets. The trade from Detroit was exactly what he needed.  @netsdaily   https://t.co/q71SV7Ju1B,en,[],[],16577011,16577011,SBNationNBA,SB Nation NBA,4,15,https://twitter.com/SBNationNBA/status/1380248663281262597,['https://trib.al/3oj9aUF'],[],0,,False,6,2,1,,None,,,,,,,[],,,,
1380243169552515081,1380243169552515081,1617910589000.0,2021-04-08 15:36:29,-0400,,The WNBA released its best jerseys ever   https://t.co/O1VtCSqsnV,en,[],[],16577011,16577011,SBNationNBA,SB Nation NBA,4,15,https://twitter.com/SBNationNBA/status/1380243169552515081,['https://trib.al/EVbghpx'],[],0,,False,9,0,1,,None,,,,,,,[],,,,
1380172652963323904,1380172652963323904,1617893777000.0,2021-04-08 10:56:17,-0400,,"DeMar DeRozan is exploring his options during free agency, but that doesn‚Äôt mean he won't return to the Spurs.  @poundingtherock   https://t.co/5rDkhdcubN",en,[],[],16577011,16577011,SBNationNBA,SB Nation NBA,4,10,https://twitter.com/SBNationNBA/status/1380172652963323904,['https://trib.al/mCrXaNr'],[],0,,False,5,0,0,,None,,,,,,,[],,,,
1380159724885315588,1380159724885315588,1617890695000.0,2021-04-08 10:04:55,-0400,,Anthony Davis' return could be around the corner üëÄ  @lakerssbn   https://t.co/yKfUDU98wS,en,[],[],16577011,16577011,SBNationNBA,SB Nation NBA,4,10,https://twitter.com/SBNationNBA/status/1380159724885315588,['https://trib.al/OpLRyDd'],[],0,,False,5,0,1,,None,,,,,,,[],,,,
1377036072169963521,1377036072169963521,1617145958000.0,2021-03-30 19:12:38,-0400,,"Marc Gasol has started every game he‚Äôs been available for this season, but that‚Äôs going to change  @lakerssbn  https://t.co/U9RQjRJ5dz",en,[],[],16577011,16577011,SBNationNBA,SB Nation NBA,2,19,https://twitter.com/SBNationNBA/status/1377036072169963521,['https://trib.al/vv7tkwm'],[],0,,False,4,0,0,,None,,,,,,,[],,,,
1375913531481198595,1375913531481198595,1616878323000.0,2021-03-27 16:52:03,-0400,,The Lakers have managed to play elite defense without LeBron or AD. Frank Vogel deserves some credit for that.  @LakersSBN   https://t.co/6SdCZRVldH,en,[],[],16577011,16577011,SBNationNBA,SB Nation NBA,6,16,https://twitter.com/SBNationNBA/status/1375913531481198595,['https://trib.al/mDkaxzO'],[],0,,False,108,2,13,,None,,,,,,,[],,,,
1375541463640068103,1375541463640068103,1616789615000.0,2021-03-26 16:13:35,-0400,,üéô New podcast! üéô  @faketeams gives the biggest winners and losers of the NBA trade deadline.   https://t.co/1SR7D07Bh5,en,[],[],16577011,16577011,SBNationNBA,SB Nation NBA,5,16,https://twitter.com/SBNationNBA/status/1375541463640068103,['https://trib.al/SkEjlRu'],[],0,,False,2,1,2,,None,,,,,,,[],,,,
1375534277467725827,1375534277467725827,1616787902000.0,2021-03-26 15:45:02,-0400,,"The Rockets traded Victor Oladipo, but that doesn't mean the team's future is all doom and gloom.  @DreamShakeSBN explains why it's not time to hit the panic button.   https://t.co/sk0oBewOi7",en,[],[],16577011,16577011,SBNationNBA,SB Nation NBA,5,15,https://twitter.com/SBNationNBA/status/1375534277467725827,['https://trib.al/99XEcrV'],[],0,,False,1,1,0,,None,,,,,,,[],,,,
1375499109478633473,1375499109478633473,1616779517000.0,2021-03-26 13:25:17,-0400,,"With Aaron Gordon headed to Denver, the Nuggets are turning their Big 3 into a Core 4.  @denverstiffs    https://t.co/X0U6DyjXoF",en,[],[],16577011,16577011,SBNationNBA,SB Nation NBA,5,13,https://twitter.com/SBNationNBA/status/1375499109478633473,['https://trib.al/gftOErd'],[],0,,False,5,0,1,,None,,,,,,,[],,,,
1375491380169031681,1375491380169031681,1616777675000.0,2021-03-26 12:54:35,-0400,,"The Mavericks needed a cure for their shooting woes.  Thankfully, J.J. Redick is on his way to help.  @mavsmoneyball   https://t.co/glvkb22yP4",en,[],[],16577011,16577011,SBNationNBA,SB Nation NBA,5,12,https://twitter.com/SBNationNBA/status/1375491380169031681,['https://trib.al/EjVTqFU'],[],0,,False,4,0,0,,None,,,,,,,[],,,,
1375473430208905219,1375473430208905219,1616773395000.0,2021-03-26 11:43:15,-0400,,Only one starter from the Magic's Wednesday night win remains on the roster after yesterday's trade deadline.  @OPPMagicBlog    https://t.co/NhxmS2AnIB,en,[],[],16577011,16577011,SBNationNBA,SB Nation NBA,5,11,https://twitter.com/SBNationNBA/status/1375473430208905219,['https://trib.al/m517wgI'],[],0,,False,3,0,0,,None,,,,,,,[],,,,
1375467224958402565,1375467224958402565,1616771916000.0,2021-03-26 11:18:36,-0400,,"The Bulls have a long way to go, but re-making their roster is a direction change that could lead towards a genuine playoff push  @BullsBlogger    https://t.co/a5dT4ALccM",en,[],[],16577011,16577011,SBNationNBA,SB Nation NBA,5,11,https://twitter.com/SBNationNBA/status/1375467224958402565,['https://trib.al/eDfsCTf'],[],0,,False,9,0,1,,None,,,,,,,[],,,,
1375112452090830849,1375112452090830849,1616687331000.0,2021-03-25 11:48:51,-0400,,"The Lakers are still talking about a deal for Kyle Lowry, but they aren‚Äôt the only team involved.  @LakersSBN   https://t.co/QmeXavmvfW",en,[],[],16577011,16577011,SBNationNBA,SB Nation NBA,4,11,https://twitter.com/SBNationNBA/status/1375112452090830849,['https://trib.al/5CaABTp'],[],0,,False,35,5,4,,None,,,,,,,[],,,,
1375106254570422275,1375106254570422275,1616685853000.0,2021-03-25 11:24:13,-0400,,"With the trade deadline looming, Danny Ainge may look to shake things up in Boston.  @celticsblog   https://t.co/aN8Z1oO0RX",en,[],[],16577011,16577011,SBNationNBA,SB Nation NBA,4,11,https://twitter.com/SBNationNBA/status/1375106254570422275,['https://trib.al/F43c2oN'],[],0,,False,2,2,1,,None,,,,,,,[],,,,
1375101101289177093,1375101101289177093,1616684625000.0,2021-03-25 11:03:45,-0400,,JaVale McGee is headed to Denver.  @denverstiffs   https://t.co/hwcHvl7byf,en,[],[],16577011,16577011,SBNationNBA,SB Nation NBA,4,11,https://twitter.com/SBNationNBA/status/1375101101289177093,['https://trib.al/vzyucxb'],[],0,,False,6,0,0,,None,,,,,,,[],,,,
1375098745738629125,1375098745738629125,1616684063000.0,2021-03-25 10:54:23,-0400,,The Heat may miss out on Kyle Lowry by trying to keep Tyler Herro in Miami.  @hothothoops  https://t.co/bofiWQnwt1,en,[],[],16577011,16577011,SBNationNBA,SB Nation NBA,4,10,https://twitter.com/SBNationNBA/status/1375098745738629125,['https://trib.al/Klwak9b'],[],0,,False,25,6,7,,None,,,,,,,[],,,,
1375093378984054786,1375093378984054786,1616682784000.0,2021-03-25 10:33:04,-0400,,Track the league's biggest trade rumors and deals ahead of the 2021 deadline.   https://t.co/GjGVX5wovh,en,[],[],16577011,16577011,SBNationNBA,SB Nation NBA,4,10,https://twitter.com/SBNationNBA/status/1375093378984054786,['https://trib.al/zKjjSlv'],[],0,,False,1,0,0,,None,,,,,,,[],,,,
1375088401385422848,1375088401385422848,1616681597000.0,2021-03-25 10:13:17,-0400,,"With LeBron and AD out, not even the Lakers' essential role players are safe from being traded.  @lakerssbn   https://t.co/RTkIsrNZh9",en,[],[],16577011,16577011,SBNationNBA,SB Nation NBA,4,10,https://twitter.com/SBNationNBA/status/1375088401385422848,['https://trib.al/gweAyqS'],[],0,,False,45,3,7,,None,,,,,,,[],,,,
1375080468132007938,1375080468132007938,1616679706000.0,2021-03-25 09:41:46,-0400,,"Aaron Gordon is on the trading block, and multiple teams are interested.   Here's what teams could give up to get him.  @OPPMagicBlog   https://t.co/wKqUqut0h7",en,[],[],16577011,16577011,SBNationNBA,SB Nation NBA,4,09,https://twitter.com/SBNationNBA/status/1375080468132007938,['https://trib.al/gRnbCTw'],[],0,,False,4,0,0,,None,,,,,,,[],,,,
1374509300756803591,1374509300756803591,1616543529000.0,2021-03-23 19:52:09,-0400,,The Lakers could add a second Oklahoma City Thunder guard to their rotation üëÄ  @lakerssbn   https://t.co/AC7M49PJ0F,en,[],[],16577011,16577011,SBNationNBA,SB Nation NBA,2,19,https://twitter.com/SBNationNBA/status/1374509300756803591,['https://trib.al/hVVmU1J'],[],0,,False,4,1,0,,None,,,,,,,[],,,,
1374506506322726915,1374506506322726915,1616542862000.0,2021-03-23 19:41:02,-0400,,LeBron James likely won‚Äôt be back on the court for the Lakers anytime soon.  @lakerssbn   https://t.co/bKANPdRS0d,en,[],[],16577011,16577011,SBNationNBA,SB Nation NBA,2,19,https://twitter.com/SBNationNBA/status/1374506506322726915,['https://trib.al/JjYmxJD'],[],0,,False,23,0,4,,None,,,,,,,[],,,,
1374135062220918787,1374135062220918787,1616454303000.0,2021-03-22 19:05:03,-0400,,"Jaylen Brown is having the best season of his career, and he's still finding new ways to raise the bar.  @celticsblog   https://t.co/hn0wdK6wEs",en,[],[],16577011,16577011,SBNationNBA,SB Nation NBA,1,19,https://twitter.com/SBNationNBA/status/1374135062220918787,['https://trib.al/fQw9uER'],[],0,,False,5,0,1,,None,,,,,,,[],,,,
1374126673818484737,1374126673818484737,1616452303000.0,2021-03-22 18:31:43,-0400,,"The Lakers are looking for a new center and while they could shop Montrezl Harrell, they might want to reconsider with LeBron and AD out with injuries.  @lakerssbn   https://t.co/QhTmXd2goM",en,[],[],16577011,16577011,SBNationNBA,SB Nation NBA,1,18,https://twitter.com/SBNationNBA/status/1374126673818484737,['https://trib.al/ua0kZxy'],[],0,,False,42,2,6,,None,,,,,,,[],,,,
1373730257744891907,1373730257744891907,1616357790000.0,2021-03-21 16:16:30,-0400,,Aaron Gordon could be headed to the Blazers.  @blazersedge breaks down the pros and cons of acquiring the Magic's star.  https://t.co/G0KTSyFGCd,en,[],[],16577011,16577011,SBNationNBA,SB Nation NBA,7,16,https://twitter.com/SBNationNBA/status/1373730257744891907,['https://trib.al/vx7WxWt'],[],0,,False,10,0,3,,None,,,,,,,[],,,,
1373722500559994883,1373722500559994883,1616355941000.0,2021-03-21 15:45:41,-0400,,Blake Griffin is back and will make his debut with the Nets tonight.  @netsdaily  https://t.co/VX6ACyBzTh,en,[],[],16577011,16577011,SBNationNBA,SB Nation NBA,7,15,https://twitter.com/SBNationNBA/status/1373722500559994883,['https://trib.al/yV3Nje7'],[],0,,False,20,0,5,,None,,,,,,,[],,,,
1373395627040763908,1373395627040763908,1616278008000.0,2021-03-20 18:06:48,-0400,,Jason Kidd could leave the Lakers to go coach in college üëÄ  @lakerssbn   https://t.co/y9sMkevPAo,en,[],[],16577011,16577011,SBNationNBA,SB Nation NBA,6,18,https://twitter.com/SBNationNBA/status/1373395627040763908,['https://trib.al/5gl7CEI'],[],0,,False,5,0,1,,None,,,,,,,[],,,,
1373386643374235649,1373386643374235649,1616275866000.0,2021-03-20 17:31:06,-0400,,Lakers vs. Hawks took a scary turn when LeBron collapsed to the floor in pain.   @lakerssbn  https://t.co/A9TmronMcx,en,[],[],16577011,16577011,SBNationNBA,SB Nation NBA,6,17,https://twitter.com/SBNationNBA/status/1373386643374235649,['https://trib.al/a37M727'],[],0,,False,2,0,0,,None,,,,,,,[],,,,
1372985908463538182,1372985908463538182,1616180324000.0,2021-03-19 14:58:44,-0400,,Four things to love from Anthony Edwards‚Äô 42-point game  @canishoopus   https://t.co/XF96TOgrCw,en,[],[],16577011,16577011,SBNationNBA,SB Nation NBA,5,14,https://twitter.com/SBNationNBA/status/1372985908463538182,['https://trib.al/rURfXC2'],[],0,,False,8,0,0,,None,,,,,,,[],,,,
1372960665984507904,1372960665984507904,1616174305000.0,2021-03-19 13:18:25,-0400,,Here are the players NBA fans should be watching in the NCAA tournament ‚¨áÔ∏è   https://t.co/iFeib8Fwjh,en,[],[],16577011,16577011,SBNationNBA,SB Nation NBA,5,13,https://twitter.com/SBNationNBA/status/1372960665984507904,['https://trib.al/ompDiAZ'],[],0,,False,3,0,0,,None,,,,,,,[],,,,
1372849191995736065,1372849191995736065,1616147728000.0,2021-03-19 05:55:28,-0400,,Dinwiddie is recovering from a partially torn ACL and is not expecting to return this season.    https://t.co/DJLPYsihIv,en,[],[],16577011,16577011,SBNationNBA,SB Nation NBA,5,05,https://twitter.com/SBNationNBA/status/1372849191995736065,['https://trib.al/mIWQFuZ'],[],0,,False,3,0,0,,None,,,,,,,[],,,,
1372832447986081792,1372832447986081792,1616143736000.0,2021-03-19 04:48:56,-0400,,Report: Adrian Wojnarowski says Kyle Lowry ‚Äúcould‚Äô‚Äô be dealt at the NBA Trade Deadline   https://t.co/jG7dFdG0Wb,en,[],[],16577011,16577011,SBNationNBA,SB Nation NBA,5,04,https://twitter.com/SBNationNBA/status/1372832447986081792,['https://trib.al/DqAi3n7'],[],0,,False,13,1,2,,None,,,,,,,[],,,,
1372818609010008065,1372818609010008065,1616140436000.0,2021-03-19 03:53:56,-0400,,This hasn‚Äôt been the season anyone envision for Boston and it‚Äôs unclear why that has happened    https://t.co/rVGw9hGW44,en,[],[],16577011,16577011,SBNationNBA,SB Nation NBA,5,03,https://twitter.com/SBNationNBA/status/1372818609010008065,['https://trib.al/o8A7FdS'],[],0,,False,4,0,0,,None,,,,,,,[],,,,
1372809565847322625,1372809565847322625,1616138280000.0,2021-03-19 03:18:00,-0400,,"The Mavericks showcased the blueprint for how they can win with this team in the playoffs   Sure, it might require Luka to be amazing, but he almost always is.    https://t.co/5LUHUgHLq6",en,[],[],16577011,16577011,SBNationNBA,SB Nation NBA,5,03,https://twitter.com/SBNationNBA/status/1372809565847322625,['https://trib.al/NVo5Bnp'],[],0,,False,9,0,0,,None,,,,,,,[],,,,
1372790282689728524,1372790282689728524,1616133683000.0,2021-03-19 02:01:23,-0400,,"The league can‚Äôt mandate vaccinations, but they‚Äôre hoping some changes to the health and safety protocols will encourage players.    https://t.co/8J1lgL283u",en,[],[],16577011,16577011,SBNationNBA,SB Nation NBA,5,02,https://twitter.com/SBNationNBA/status/1372790282689728524,['https://trib.al/8qLx4Ig'],[],0,,False,4,0,0,,None,,,,,,,[],,,,
1372776914683719683,1372776914683719683,1616130496000.0,2021-03-19 01:08:16,-0400,,NBA mock draft 2021: Meet the prospects who can rise in March Madness    https://t.co/Kaagc8j8X0,en,[],[],16577011,16577011,SBNationNBA,SB Nation NBA,5,01,https://twitter.com/SBNationNBA/status/1372776914683719683,['https://trib.al/bcPfpif'],[],0,,False,4,0,0,,None,,,,,,,[],,,,
1372757692310188040,1372757692310188040,1616125913000.0,2021-03-18 23:51:53,-0400,,"Lakers might maybe kinda sorta be interested in Isaiah Thomas, reportedly.    https://t.co/eT4NEN1lZO",en,[],[],16577011,16577011,SBNationNBA,SB Nation NBA,4,23,https://twitter.com/SBNationNBA/status/1372757692310188040,['https://trib.al/tWPO2fL'],[],0,,False,3,1,0,,None,,,,,,,[],,,,
1372742783153410055,1372742783153410055,1616122358000.0,2021-03-18 22:52:38,-0400,,How Montrezl Harrell‚Äôs incredible hands and catch radius underlie his paint dominance    https://t.co/4ed2UEzpDq,en,[],[],16577011,16577011,SBNationNBA,SB Nation NBA,4,22,https://twitter.com/SBNationNBA/status/1372742783153410055,['https://trib.al/JxkwlO6'],[],0,,False,10,0,0,,None,,,,,,,[],,,,
1372737185477242883,1372737185477242883,1616121023000.0,2021-03-18 22:30:23,-0400,,"LeBron James says he has ‚Äòno idea what to expect‚Äô from NBA trade deadline   Same, LeBron. Same.    https://t.co/NcFzg1ypk6",en,[],[],16577011,16577011,SBNationNBA,SB Nation NBA,4,22,https://twitter.com/SBNationNBA/status/1372737185477242883,['https://trib.al/9uot1uH'],[],0,,False,3,0,0,,None,,,,,,,[],,,,
1372731542234136586,1372731542234136586,1616119678000.0,2021-03-18 22:07:58,-0400,,The NBA adjusts COVID-19 protocols for fully-vaccinated players and staff   https://t.co/SSOFH4ctWF,en,[],[],16577011,16577011,SBNationNBA,SB Nation NBA,4,22,https://twitter.com/SBNationNBA/status/1372731542234136586,['https://trib.al/GY5jDX7'],[],0,,False,4,0,0,,None,,,,,,,[],,,,
1371938352438652928,1371938352438652928,1615930567000.0,2021-03-16 17:36:07,-0400,,Have some patience with Obi Toppin. He's a talented rookie playing behind an All-Star.  @ptknicksblog   https://t.co/97RDKM3ig6,en,[],[],16577011,16577011,SBNationNBA,SB Nation NBA,2,17,https://twitter.com/SBNationNBA/status/1371938352438652928,['https://trib.al/LFozyTg'],[],0,,False,3,0,0,,None,,,,,,,[],,,,
1371899339103174669,1371899339103174669,1615921265000.0,2021-03-16 15:01:05,-0400,,"The Knicks were over .500 going into the All-Star break for the first time since 2013, Julius Randle was an All-Star, and the young core looks promising.  @ptknicksblog show us what the improved Knicks need to focus on in the second half of the season.  https://t.co/mqDFdUMu65",en,[],[],16577011,16577011,SBNationNBA,SB Nation NBA,2,15,https://twitter.com/SBNationNBA/status/1371899339103174669,['https://trib.al/HfmDLxW'],[],0,,False,2,0,0,,None,,,,,,,[],,,,
1371893555040546817,1371893555040546817,1615919886000.0,2021-03-16 14:38:06,-0400,,The Tatum-Brown duo is the Celtics' focal point. But there is a young duo off the bench making a name for themselves despite talks of the Celtics' lack of depth.  @celticsblog   https://t.co/JfOWBnNYSw,en,[],[],16577011,16577011,SBNationNBA,SB Nation NBA,2,14,https://twitter.com/SBNationNBA/status/1371893555040546817,['https://trib.al/6l7Cg7j'],[],0,,False,61,0,5,,None,,,,,,,[],,,,
1371888203804839940,1371888203804839940,1615918610000.0,2021-03-16 14:16:50,-0400,,"James Harden has only played 26 games with the Nets, but his fingerprints all over their success.  @netsdaily   https://t.co/zs6aghfMJw",en,[],[],16577011,16577011,SBNationNBA,SB Nation NBA,2,14,https://twitter.com/SBNationNBA/status/1371888203804839940,['https://trib.al/E83V15o'],[],0,,False,7,1,5,,None,,,,,,,[],,,,
1371861779819683851,1371861779819683851,1615912310000.0,2021-03-16 12:31:50,-0400,,Curry continues to make his way through the history books.  @unstoppablebaby   https://t.co/PyYmztcDfO,en,[],[],16577011,16577011,SBNationNBA,SB Nation NBA,2,12,https://twitter.com/SBNationNBA/status/1371861779819683851,['https://trib.al/SbsqykE'],[],0,,False,5,0,0,,None,,,,,,,[],,,,
1371851996601454595,1371851996601454595,1615909978000.0,2021-03-16 11:52:58,-0400,,The annual Aaron Gordon trade rumors have begun. Could this be the year he leaves Orlando?  @OPPMagicBlog maps out all of his trade rumors.  https://t.co/QGHTXhc1lX,en,[],[],16577011,16577011,SBNationNBA,SB Nation NBA,2,11,https://twitter.com/SBNationNBA/status/1371851996601454595,['https://trib.al/igD7AMd'],[],0,,False,16,0,4,,None,,,,,,,[],,,,
1371551403966148615,1371551403966148615,1615838311000.0,2021-03-15 15:58:31,-0400,,"As dynamic and fun as you‚Äôd think a Mitchell-Clarkson backcourt would be, data shows such lineups are killing Utah's defense.  @slcdunk   https://t.co/9eJEp4VH1L",en,[],[],16577011,16577011,SBNationNBA,SB Nation NBA,1,15,https://twitter.com/SBNationNBA/status/1371551403966148615,['https://trib.al/yZOU6N0'],[],0,,False,10,0,2,,None,,,,,,,[],,,,
1371537182352150538,1371537182352150538,1615834920000.0,2021-03-15 15:02:00,-0400,,Anthony Davis might miss even more time than the Lakers are admitting.  @lakerssbn   https://t.co/DBj0fDehkf,en,[],[],16577011,16577011,SBNationNBA,SB Nation NBA,1,15,https://twitter.com/SBNationNBA/status/1371537182352150538,['https://trib.al/tatRL3j'],[],0,,False,25,3,8,,None,,,,,,,[],,,,
1371527209387708417,1371527209387708417,1615832543000.0,2021-03-15 14:22:23,-0400,,"Once a point guard, now a pseudo-center, Bruce Brown is having a big year with the Nets, and James Harden has a lot to do with his success.  @netsdaily   https://t.co/fCIGaF9234",en,[],[],16577011,16577011,SBNationNBA,SB Nation NBA,1,14,https://twitter.com/SBNationNBA/status/1371527209387708417,['https://trib.al/7GQt0XQ'],[],0,,False,28,1,3,,None,,,,,,,[],,,,
1371513748838580229,1371513748838580229,1615829333000.0,2021-03-15 13:28:53,-0400,,Trading for big names would require the Wizards to give up many of their assets.  @bulletsforever looks at a few realistic trades that don't require a roster overhaul.  https://t.co/0YhhCnLlGI,en,[],[],16577011,16577011,SBNationNBA,SB Nation NBA,1,13,https://twitter.com/SBNationNBA/status/1371513748838580229,['https://trib.al/61PTGUu'],[],0,,False,5,1,0,,None,,,,,,,[],,,,
1371482653338263554,1371482653338263554,1615821920000.0,2021-03-15 11:25:20,-0400,,"LeBron passed on ""Space Jam 2"" in 2006.  Fifteen years later, he finally feels ready to rival the original.  @lakerssbn   https://t.co/EZLw4BYJEq",en,[],[],16577011,16577011,SBNationNBA,SB Nation NBA,1,11,https://twitter.com/SBNationNBA/status/1371482653338263554,['https://trib.al/wxgca3j'],[],0,,False,8,0,1,,None,,,,,,,[],,,,
1371477518117703683,1371477518117703683,1615820695000.0,2021-03-15 11:04:55,-0400,,"The Heat could trade for Kyle Lowry and LaMarcus Aldridge, but it may be hard to get both without gutting their roster.  @hothothoops   https://t.co/uWvOOKVwSR",en,[],[],16577011,16577011,SBNationNBA,SB Nation NBA,1,11,https://twitter.com/SBNationNBA/status/1371477518117703683,['https://trib.al/97qsma4'],[],0,,False,7,0,1,,None,,,,,,,[],,,,
1371217007807455234,1371217007807455234,1615758585000.0,2021-03-14 17:49:45,-0400,,Kemba Walker‚Äôs performances in wins vs. losses point to a glaring concern for the Celtics.   https://t.co/SZawXR3YOm,en,[],[],16577011,16577011,SBNationNBA,SB Nation NBA,7,17,https://twitter.com/SBNationNBA/status/1371217007807455234,['https://trib.al/prKQiTO'],[],0,,False,6,1,1,,None,,,,,,,[],,,,
1371159167675817990,1371159167675817990,1615744795000.0,2021-03-14 13:59:55,-0400,,"The Lakers have barely been able to practice this season due to factors outside of their control, and Frank Vogel says they‚Äôve seen some of the drawbacks of that on the floor.    https://t.co/Xxk5hYmuLu",en,[],[],16577011,16577011,SBNationNBA,SB Nation NBA,7,13,https://twitter.com/SBNationNBA/status/1371159167675817990,['https://trib.al/0yQUj1D'],[],0,,False,3,1,0,,None,,,,,,,[],,,,
1370873213694132226,1370873213694132226,1615676618000.0,2021-03-13 18:03:38,-0400,,"Clippers have 8 percent chance of winning NBA title, say fans.   Fair call, or pure hate?    https://t.co/eS55cenV9H",en,[],[],16577011,16577011,SBNationNBA,SB Nation NBA,6,18,https://twitter.com/SBNationNBA/status/1370873213694132226,['https://trib.al/8XyhgeP'],[],0,,False,8,2,0,,None,,,,,,,[],,,,
1370838091267764224,1370838091267764224,1615668244000.0,2021-03-13 15:44:04,-0400,,The Lakers are playing it safe with Anthony Davis as he continues to rehab Achilles and calf injuries.    https://t.co/XXrc7TgSHE,en,[],[],16577011,16577011,SBNationNBA,SB Nation NBA,6,15,https://twitter.com/SBNationNBA/status/1370838091267764224,['https://trib.al/oHSnxGk'],[],0,,False,4,0,0,,None,,,,,,,[],,,,
1370807234016522249,1370807234016522249,1615660887000.0,2021-03-13 13:41:27,-0400,,Joel Embiid is expected to miss 2-3 weeks with bone bruise   https://t.co/EkyeDNUmKw,en,[],[],16577011,16577011,SBNationNBA,SB Nation NBA,6,13,https://twitter.com/SBNationNBA/status/1370807234016522249,['https://trib.al/cG5HFVX'],[],0,,False,2,0,1,,None,,,,,,,[],,,,
1370801529402372103,1370801529402372103,1615659527000.0,2021-03-13 13:18:47,-0400,,"Robert Williams is living up to his potential, and staking his claim as Boston‚Äôs most impactful center.   @CelticsBlog    https://t.co/pes2rlCfJA",en,[],[],16577011,16577011,SBNationNBA,SB Nation NBA,6,13,https://twitter.com/SBNationNBA/status/1370801529402372103,['https://trib.al/nh0W4Aw'],[],0,,False,90,1,14,,None,,,,,,,[],,,,
1370793965562257410,1370793965562257410,1615657724000.0,2021-03-13 12:48:44,-0400,,LeBron James trusts what the Lakers have and  isn‚Äôt going to demand moves   https://t.co/tI8u1zMJX7,en,[],[],16577011,16577011,SBNationNBA,SB Nation NBA,6,12,https://twitter.com/SBNationNBA/status/1370793965562257410,['https://trib.al/Bz18Mba'],[],0,,False,5,0,0,,None,,,,,,,[],,,,
1370415656462614529,1370415656462614529,1615567528000.0,2021-03-12 11:45:28,-0400,,Here's what a realistic LaMarcus Aldridge trade could look like  @poundingtherock   https://t.co/l9FdwpTSlp,en,[],[],16577011,16577011,SBNationNBA,SB Nation NBA,5,11,https://twitter.com/SBNationNBA/status/1370415656462614529,['https://trib.al/1TWlPqy'],[],0,,False,5,0,0,,None,,,,,,,[],,,,
1370410149102379009,1370410149102379009,1615566215000.0,2021-03-12 11:23:35,-0400,,The Denver Nuggets have questions to answer before the NBA Trade Deadline  @denverstiffs   https://t.co/nZwXXIflzT,en,[],[],16577011,16577011,SBNationNBA,SB Nation NBA,5,11,https://twitter.com/SBNationNBA/status/1370410149102379009,['https://trib.al/ENz8zQP'],[],0,,False,3,0,2,,None,,,,,,,[],,,,
1370102838685220864,1370102838685220864,1615492946000.0,2021-03-11 15:02:26,-0400,,"Joel Embiid, destroying everything in his path, is careening towards a SuperMax extension  @Liberty_Ballers   https://t.co/rNbwlki08H",en,[],[],16577011,16577011,SBNationNBA,SB Nation NBA,4,15,https://twitter.com/SBNationNBA/status/1370102838685220864,['https://trib.al/cYJjB5D'],[],0,,False,15,1,1,,None,,,,,,,[],,,,
1370083713992826881,1370083713992826881,1615488386000.0,2021-03-11 13:46:26,-0400,,It‚Äôs legal for an NBA player to sit on his teammate‚Äôs shoulders... sort of   https://t.co/mDSX3xyZrF,en,[],[],16577011,16577011,SBNationNBA,SB Nation NBA,4,13,https://twitter.com/SBNationNBA/status/1370083713992826881,['https://trib.al/fnhP2Pc'],[],0,,False,4,0,2,,None,,,,,,,[],,,,
1370048434720362503,1370048434720362503,1615479975000.0,2021-03-11 11:26:15,-0400,,"Teams are shooting more from deep than at any time in NBA history, and it‚Äôs causing problems.   https://t.co/MntyB0qcl1",en,[],[],16577011,16577011,SBNationNBA,SB Nation NBA,4,11,https://twitter.com/SBNationNBA/status/1370048434720362503,['https://trib.al/Ehlz0xS'],[],0,,False,7,0,1,,None,,,,,,,[],,,,
1369781253516500996,1369781253516500996,1615416274000.0,2021-03-10 17:44:34,-0400,,The 76ers needs another player capable of playing alongside Simmons and Embiid and taking on a larger role without them.  @liberty_ballers   https://t.co/pNmfda8nL0,en,[],[],16577011,16577011,SBNationNBA,SB Nation NBA,3,17,https://twitter.com/SBNationNBA/status/1369781253516500996,['https://trib.al/4iQ7bFL'],[],0,,False,3,1,0,,None,,,,,,,[],,,,
1369774340460396548,1369774340460396548,1615414626000.0,2021-03-10 17:17:06,-0400,,"There is no question players have gotten better at shooting, but is the increase in three-point shooting ruining professional basketball? ü§î   https://t.co/qeNbhvtIPj",en,[],[],16577011,16577011,SBNationNBA,SB Nation NBA,3,17,https://twitter.com/SBNationNBA/status/1369774340460396548,['https://trib.al/hAn6LcG'],[],0,,False,6,9,0,,None,,,,,,,[],,,,
1369766134522740745,1369766134522740745,1615412670000.0,2021-03-10 16:44:30,-0400,,"KAT is a big man with rare offensive talent, yet he still hasn‚Äôt reached the peak of his career.  Can Chris Finch help him get there?  @canishoopus   https://t.co/hkrl9nvLMg",en,[],[],16577011,16577011,SBNationNBA,SB Nation NBA,3,16,https://twitter.com/SBNationNBA/status/1369766134522740745,['https://trib.al/rmLW5xM'],[],0,,False,12,0,2,,None,,,,,,,[],,,,
1369760751091646485,1369760751091646485,1615411386000.0,2021-03-10 16:23:06,-0400,,We ranked every 2021 NBA Earned Edition jerseys.  Which one is your favorite?  https://t.co/VhtwnIQc8i,en,[],[],16577011,16577011,SBNationNBA,SB Nation NBA,3,16,https://twitter.com/SBNationNBA/status/1369760751091646485,['https://trib.al/qP3NIqO'],[],0,,False,7,3,0,,None,,,,,,,[],,,,
1369739432010674183,1369739432010674183,1615406303000.0,2021-03-10 14:58:23,-0400,,"The Pelicans hoped Eric Bledsoe would fill the hole of Jrue Holiday‚Äôs productions, but that hasn‚Äôt been the case.    With the trade deadline looming, the Pelicans may look to part ways.  @thebirdwrites   https://t.co/pVaY6odWX1",en,[],[],16577011,16577011,SBNationNBA,SB Nation NBA,3,14,https://twitter.com/SBNationNBA/status/1369739432010674183,['https://trib.al/fdTw58r'],[],0,,False,3,1,0,,None,,,,,,,[],,,,
1369728794781769733,1369728794781769733,1615403767000.0,2021-03-10 14:16:07,-0400,,"Giannis may be the reigning back-to-back MVP, but he still thinks LeBron is the best player in the league.  @lakerssbn ‚¨áÔ∏è  https://t.co/eF3AuURzqI  https://t.co/py6wJmFzI4",en,[],[],16577011,16577011,SBNationNBA,SB Nation NBA,3,14,https://twitter.com/SBNationNBA/status/1369728794781769733,['https://trib.al/xN7g1TT'],['https://pbs.twimg.com/media/EwJBFGtXcAM8oN2.jpg'],1,https://pbs.twimg.com/media/EwJBFGtXcAM8oN2.jpg,False,48,0,4,,None,,,,,,,[],,,,
1369705256783929345,1369705256783929345,1615398155000.0,2021-03-10 12:42:35,-0400,,Blake Griffin says he chose the Nets over three other teams.  @netsdaily   https://t.co/oz1MYELmsv,en,[],[],16577011,16577011,SBNationNBA,SB Nation NBA,3,12,https://twitter.com/SBNationNBA/status/1369705256783929345,['https://trib.al/iKtR4LD'],[],0,,False,4,1,0,,None,,,,,,,[],,,,
1369693535532953604,1369693535532953604,1615395361000.0,2021-03-10 11:56:01,-0400,,"The Celtics‚Äô 2019 first round pick has ‚Äúlottery ticket‚Äù upside, but also holds ‚Äúlottery ticket‚Äù uncertainty.  @celticsblog   https://t.co/njs1L7cFQd",en,[],[],16577011,16577011,SBNationNBA,SB Nation NBA,3,11,https://twitter.com/SBNationNBA/status/1369693535532953604,['https://trib.al/Q1e1QUG'],[],0,,False,3,0,1,,None,,,,,,,[],,,,
1369676347526807552,1369676347526807552,1615391263000.0,2021-03-10 10:47:43,-0400,,"It's been nearly a year since Year 1 of the Grizzlies rebuild was halted.  Despite the interruption, they're showing signs of improvement in Year 2.  @sbngrizzlies   https://t.co/BcERZw5FO6",en,[],[],16577011,16577011,SBNationNBA,SB Nation NBA,3,10,https://twitter.com/SBNationNBA/status/1369676347526807552,['https://trib.al/hsdKssA'],[],0,,False,13,0,3,,None,,,,,,,[],,,,
1369663669676748800,1369663669676748800,1615388240000.0,2021-03-10 09:57:20,-0400,,Meyers Leonard used an anti-Semitic slur during a ‚ÄòCall of Duty‚Äô stream.  Now he's facing the consequences from losing sponsorships to a full NBA investigation.  https://t.co/sDASELJqdz,en,[],[],16577011,16577011,SBNationNBA,SB Nation NBA,3,09,https://twitter.com/SBNationNBA/status/1369663669676748800,['https://trib.al/oysDzyN'],[],0,,False,2,0,0,,None,,,,,,,[],,,,
1369420824856428548,1369420824856428548,1615330341000.0,2021-03-09 17:52:21,-0400,,The Rockets might be after one of the league‚Äôs top dunkers.  @DreamShakeSBN   https://t.co/D8t8D5KmVt,en,[],[],16577011,16577011,SBNationNBA,SB Nation NBA,2,17,https://twitter.com/SBNationNBA/status/1369420824856428548,['https://trib.al/LL3mNey'],[],0,,False,7,0,0,,None,,,,,,,[],,,,
1369368275059171336,1369368275059171336,1615317813000.0,2021-03-09 14:23:33,-0400,,"LeBron wants to play with his son, and Lakers governor, Jeanie Buss, wants him to stay with the Lakers as long as he wants.  Could the Lakers have LeBron and Bronny one day?  @lakerssbn   https://t.co/E1ikWHD2mu",en,[],[],16577011,16577011,SBNationNBA,SB Nation NBA,2,14,https://twitter.com/SBNationNBA/status/1369368275059171336,['https://trib.al/sKomdJT'],[],0,,False,155,3,14,,None,,,,,,,[],,,,
1369335791395176460,1369335791395176460,1615310068000.0,2021-03-09 12:14:28,-0400,,The Nets have Blake Griffin and STILL have the opportunity to make their roster even better.  @NetsDaily ‚¨áÔ∏è  https://t.co/FECI4rPCQY  https://t.co/OYCNJOjacH,en,[],[],16577011,16577011,SBNationNBA,SB Nation NBA,2,12,https://twitter.com/SBNationNBA/status/1369335791395176460,['https://trib.al/3PpcEiY'],['https://pbs.twimg.com/media/EwDbpGdXYAE9LtD.jpg'],1,https://pbs.twimg.com/media/EwDbpGdXYAE9LtD.jpg,False,58,5,8,,None,,,,,,,[],,,,
1369326622428512256,1369326622428512256,1615307882000.0,2021-03-09 11:38:02,-0400,,"The Cavs have the second-worst net rating in the league, and Kevin Love has only played two games this season.  Yet, they are only two games out of a play-in spot.  @FearTheSword   https://t.co/zbxkmvheuf",en,[],[],16577011,16577011,SBNationNBA,SB Nation NBA,2,11,https://twitter.com/SBNationNBA/status/1369326622428512256,['https://trib.al/xfyMMAP'],[],0,,False,4,0,0,,None,,,,,,,[],,,,
1369302245309833216,1369302245309833216,1615302070000.0,2021-03-09 10:01:10,-0400,,Hassan Whiteside has the skills the Hornets need and a contract the team could love.  @At_The_Hive   https://t.co/1B4YzZSSVA,en,[],[],16577011,16577011,SBNationNBA,SB Nation NBA,2,10,https://twitter.com/SBNationNBA/status/1369302245309833216,['https://trib.al/vy0eIPV'],[],0,,False,7,0,0,,None,,,,,,,[],,,,
1369047817369575432,1369047817369575432,1615241409000.0,2021-03-08 17:10:09,-0400,,"The NBA was late to recognize Michael Jordan‚Äôs greatness.   When he finally won MVP, he had already been deemed the best by Seagram. Yes, the company that makes ginger ale and wine coolers.  https://t.co/8SQXEFa7Vr",en,[],[],16577011,16577011,SBNationNBA,SB Nation NBA,1,17,https://twitter.com/SBNationNBA/status/1369047817369575432,['https://trib.al/dnUrhDf'],[],0,,False,5,0,1,,None,,,,,,,[],,,,
1369032286742675462,1369032286742675462,1615237707000.0,2021-03-08 16:08:27,-0400,,"In 2019, Paul George criticized Damian Lillard's long-range shooting ability.  In 2021, he's changed his mind about Dame's ""bad shot.""  @blazersedge   https://t.co/BQhZRWQU64",en,[],[],16577011,16577011,SBNationNBA,SB Nation NBA,1,16,https://twitter.com/SBNationNBA/status/1369032286742675462,['https://trib.al/zRQTveR'],[],0,,False,4,0,0,,None,,,,,,,[],,,,
1369021799606935562,1369021799606935562,1615235206000.0,2021-03-08 15:26:46,-0400,,"The judges dropped the ball in the 2021 dunk contest, so we re-ranked every dunk.   https://t.co/i3YWoYYzZL",en,[],[],16577011,16577011,SBNationNBA,SB Nation NBA,1,15,https://twitter.com/SBNationNBA/status/1369021799606935562,['https://trib.al/tTWZEOq'],[],0,,False,1,0,0,,None,,,,,,,[],,,,
1368982563390382081,1368982563390382081,1615225852000.0,2021-03-08 12:50:52,-0400,,"The Nets are 24-13 this season, but their big three have only played 7 games together.  @netsdaily ‚¨áÔ∏è  https://t.co/HWYWSDqLoU  https://t.co/4vKqsnnz3s",en,[],[],16577011,16577011,SBNationNBA,SB Nation NBA,1,12,https://twitter.com/SBNationNBA/status/1368982563390382081,['https://trib.al/KQinXuH'],['https://pbs.twimg.com/media/Ev-aYu5XMAoUfXg.jpg'],1,https://pbs.twimg.com/media/Ev-aYu5XMAoUfXg.jpg,False,82,0,9,,None,,,,,,,[],,,,
1368969293812142080,1368969293812142080,1615222688000.0,2021-03-08 11:58:08,-0400,,Two teams passed on drafting LaMelo Ball.  Now he's having a historic rookie year and he's everything the Hornets could have hoped for.  @At_The_Hive   https://t.co/0XEccGrPSn,en,[],[],16577011,16577011,SBNationNBA,SB Nation NBA,1,11,https://twitter.com/SBNationNBA/status/1368969293812142080,['https://trib.al/FRigM8T'],[],0,,False,8,0,0,,None,,,,,,,[],,,,
1368960815131426819,1368960815131426819,1615220667000.0,2021-03-08 11:24:27,-0400,,The NBA has finally discovered the secret to slowing down Luka Doncic ‚Äî put him in competitions that don‚Äôt matter.  @mavsmoneyball   https://t.co/nqsXBZ6QXp,en,[],[],16577011,16577011,SBNationNBA,SB Nation NBA,1,11,https://twitter.com/SBNationNBA/status/1368960815131426819,['https://trib.al/EiezyiC'],[],0,,False,3,0,0,,None,,,,,,,[],,,,
1368936926292676610,1368936926292676610,1615214971000.0,2021-03-08 09:49:31,-0400,,Blake Griffin will sign a one-year deal with the Nets.  @netsdaily  https://t.co/svfUlauyTW,en,[],[],16577011,16577011,SBNationNBA,SB Nation NBA,1,09,https://twitter.com/SBNationNBA/status/1368936926292676610,['https://trib.al/0smRZRM'],[],0,,False,9,1,0,,None,,,,,,,[],,,,
1368729427690020864,1368729427690020864,1615165499000.0,2021-03-07 20:04:59,-0400,,The Warriors honored Oakland native Kamala Harris with a moving video   https://t.co/ksUghJUZNl,en,[],[],16577011,16577011,SBNationNBA,SB Nation NBA,7,20,https://twitter.com/SBNationNBA/status/1368729427690020864,['https://trib.al/cdomUcS'],[],0,,False,9,0,2,,None,,,,,,,[],,,,
1368698005071794186,1368698005071794186,1615158008000.0,2021-03-07 18:00:08,-0400,,LeBron has been a captain in every All-Star game under the new format.  @LakersSBN  https://t.co/YWLbpzgWBF,en,[],[],16577011,16577011,SBNationNBA,SB Nation NBA,7,18,https://twitter.com/SBNationNBA/status/1368698005071794186,['https://trib.al/13rUK4z'],[],0,,False,3,0,0,,None,,,,,,,[],,,,
1368685598156857348,1368685598156857348,1615155050000.0,2021-03-07 17:10:50,-0400,,The 2020-21 Brooklyn Nets have now reunited two old pairs of teammates  ‚Ä¢ KD and James Harden ‚Ä¢¬†DeAndre Jordan and Blake Griffin  @NetsDaily  https://t.co/DjFxrRRulN,en,[],[],16577011,16577011,SBNationNBA,SB Nation NBA,7,17,https://twitter.com/SBNationNBA/status/1368685598156857348,[],"['https://pbs.twimg.com/media/Ev6MF3rUUAAgwYV.jpg', 'https://pbs.twimg.com/media/Ev6MF3uVgAAsU6S.jpg']",1,https://pbs.twimg.com/media/Ev6MF3rUUAAgwYV.jpg,False,340,14,62,,None,,,,,,,[],,,,
1368641603053752321,1368641603053752321,1615144560000.0,2021-03-07 14:16:00,-0400,,Lakers reportedly have ‚Äòsome interest‚Äô in re-signing JaVale McGee if he‚Äôs traded and bought out   https://t.co/NrZh4PzMbJ,en,[],[],16577011,16577011,SBNationNBA,SB Nation NBA,7,14,https://twitter.com/SBNationNBA/status/1368641603053752321,['https://trib.al/RCfzi0g'],[],0,,False,7,0,0,,None,,,,,,,[],,,,
1368635086111973383,1368635086111973383,1615143007000.0,2021-03-07 13:50:07,-0400,,"Blake Griffin is a free agent, but he‚Äôs probably not returning to Clippers   https://t.co/uOoXSF3sUr",en,[],[],16577011,16577011,SBNationNBA,SB Nation NBA,7,13,https://twitter.com/SBNationNBA/status/1368635086111973383,['https://trib.al/DasqEeW'],[],0,,False,5,0,1,,None,,,,,,,[],,,,
1368611518984634374,1368611518984634374,1615137388000.0,2021-03-07 12:16:28,-0400,,Ben Simmons and Joel Embiid have been ruled out of the NBA All-Star game due to contact tracing.  @Liberty_Ballers    https://t.co/OkIAtDKBMh,en,[],[],16577011,16577011,SBNationNBA,SB Nation NBA,7,12,https://twitter.com/SBNationNBA/status/1368611518984634374,['https://trib.al/mXMDarC'],[],0,,False,6,0,6,,None,,,,,,,[],,,,
1368592358716157953,1368592358716157953,1615132820000.0,2021-03-07 11:00:20,-0400,,A member of Luke Walton‚Äôs coaching staff thought Alex Caruso was a UPS guy.  @lakerssbn   https://t.co/cUa7Ds3kOq,en,[],[],16577011,16577011,SBNationNBA,SB Nation NBA,7,11,https://twitter.com/SBNationNBA/status/1368592358716157953,['https://trib.al/AH5urwB'],[],0,,False,50,3,6,,None,,,,,,,[],,,,
1368531930979966980,1368531930979966980,1615118413000.0,2021-03-07 07:00:13,-0400,,LaMelo Ball is unlocking Miles Bridges‚Äô potential with the Hornets  https://t.co/goiPw3WWGT,en,[],[],16577011,16577011,SBNationNBA,SB Nation NBA,7,07,https://twitter.com/SBNationNBA/status/1368531930979966980,['https://trib.al/ddLZB7n'],[],0,,False,14,0,2,,None,,,,,,,[],,,,
1368335645752627208,1368335645752627208,1615071615000.0,2021-03-06 18:00:15,-0400,,How Julius Randle finally found the right situation to become an All-Star.  ‚úçÔ∏è @SBN_Ricky  https://t.co/wIkOj6egTk,en,[],[],16577011,16577011,SBNationNBA,SB Nation NBA,6,18,https://twitter.com/SBNationNBA/status/1368335645752627208,['https://trib.al/EDGsdKA'],[],0,,False,15,0,1,,None,,,,,,,[],,,,
1368305449209061377,1368305449209061377,1615064415000.0,2021-03-06 16:00:15,-0400,,"With the NBA All-Star reserves revealed one thing is for sure, Jimmy Butler was snubbed. @hothothoops   https://t.co/pkm6VTvcfh",en,[],[],16577011,16577011,SBNationNBA,SB Nation NBA,6,16,https://twitter.com/SBNationNBA/status/1368305449209061377,['https://trib.al/tLb3Q9A'],[],0,,False,10,1,3,,None,,,,,,,[],,,,
1368295194433556484,1368295194433556484,1615061970000.0,2021-03-06 15:19:30,-0400,,Tim Hardaway Jr. is no longer a bad contract waiting to be traded  @mavsmoneyball    https://t.co/PUH0XJdAYe,en,[],[],16577011,16577011,SBNationNBA,SB Nation NBA,6,15,https://twitter.com/SBNationNBA/status/1368295194433556484,['https://trib.al/gi6C6Vh'],[],0,,False,7,0,1,,None,,,,,,,[],,,,
1368281586387611653,1368281586387611653,1615058726000.0,2021-03-06 14:25:26,-0400,,"Both on and off the court, Patty Mills has been invaluable for the surprising Spurs this season.    https://t.co/O07CPP9ZQ4",en,[],[],16577011,16577011,SBNationNBA,SB Nation NBA,6,14,https://twitter.com/SBNationNBA/status/1368281586387611653,['https://trib.al/v4R4bVe'],[],0,,False,6,0,1,,None,,,,,,,[],,,,
1368275247108136974,1368275247108136974,1615057214000.0,2021-03-06 14:00:14,-0400,,"Critics can say what they want, but LaMelo Ball is living up to his potential.  https://t.co/86kSInTCCn",en,[],[],16577011,16577011,SBNationNBA,SB Nation NBA,6,14,https://twitter.com/SBNationNBA/status/1368275247108136974,['https://trib.al/zKyPDZ4'],[],0,,False,12,1,2,,None,,,,,,,[],,,,
1368268197342945286,1368268197342945286,1615055534000.0,2021-03-06 13:32:14,-0400,,The Kings have reportedly made Marvin Bagley III available in trade talks   https://t.co/PjhIJmAxmr,en,[],[],16577011,16577011,SBNationNBA,SB Nation NBA,6,13,https://twitter.com/SBNationNBA/status/1368268197342945286,['https://trib.al/Q2Zw1TL'],[],0,,False,7,0,5,,None,,,,,,,[],,,,
1368259388914479112,1368259388914479112,1615053434000.0,2021-03-06 12:57:14,-0400,,"Lakers have ‚Äòexpressed‚Äô interest in Blake Griffin, but Nets are favored to sign him   https://t.co/zdqW0Hcse0",en,[],[],16577011,16577011,SBNationNBA,SB Nation NBA,6,12,https://twitter.com/SBNationNBA/status/1368259388914479112,['https://trib.al/oiwPLpz'],[],0,,False,1,0,0,,None,,,,,,,[],,,,
1368251397402202126,1368251397402202126,1615051528000.0,2021-03-06 12:25:28,-0400,,"The season hasn‚Äôt always been smooth, but the Celtics head into the All-Star break with optimism to build on.   @celticsblog    https://t.co/pYQPwLq7RU",en,[],[],16577011,16577011,SBNationNBA,SB Nation NBA,6,12,https://twitter.com/SBNationNBA/status/1368251397402202126,['https://trib.al/FLoySRv'],[],0,,False,22,0,0,,None,,,,,,,[],,,,
1368230504529592329,1368230504529592329,1615046547000.0,2021-03-06 11:02:27,-0400,,The Nets likely landing spot for Blake Griffin after Pistons buyout     https://t.co/hSq43RIFkb,en,[],[],16577011,16577011,SBNationNBA,SB Nation NBA,6,11,https://twitter.com/SBNationNBA/status/1368230504529592329,['https://trib.al/ziND8SI'],[],0,,False,4,0,1,,None,,,,,,,[],,,,
1368222221769048064,1368222221769048064,1615044572000.0,2021-03-06 10:29:32,-0400,,The Miami Heat are believed to be a contender to sign Blake Griffin üëÄ   https://t.co/pDvVYsltwc,en,[],[],16577011,16577011,SBNationNBA,SB Nation NBA,6,10,https://twitter.com/SBNationNBA/status/1368222221769048064,['https://trib.al/aWBUStl'],[],0,,False,5,1,0,,None,,,,,,,[],,,,
1368214850023874563,1368214850023874563,1615042815000.0,2021-03-06 10:00:15,-0400,,"""Playing basketball for millions of dollars and not even having to play basketball."" That, right there, is legendary.   https://t.co/VZDg91enNQ",en,[],[],16577011,16577011,SBNationNBA,SB Nation NBA,6,10,https://twitter.com/SBNationNBA/status/1368214850023874563,['https://trib.al/7nWY0CO'],[],0,,False,3,0,0,,None,,,,,,,[],,,,
1368184664175882249,1368184664175882249,1615035618000.0,2021-03-06 08:00:18,-0400,,Nikola Jokic continues to play like an MVP frontrunner  @denverstiffs  https://t.co/bepxBW4Eiy,en,[],[],16577011,16577011,SBNationNBA,SB Nation NBA,6,08,https://twitter.com/SBNationNBA/status/1368184664175882249,['https://trib.al/abgCtvn'],[],0,,False,10,0,0,,None,,,,,,,[],,,,
1367988034684207105,1367988034684207105,1614988738000.0,2021-03-05 18:58:58,-0400,,Jalen Brunson is blossoming in his third season    https://t.co/JE0DNukt1u,en,[],[],16577011,16577011,SBNationNBA,SB Nation NBA,5,18,https://twitter.com/SBNationNBA/status/1367988034684207105,['https://trib.al/mybMdDU'],[],0,,False,11,0,0,,None,,,,,,,[],,,,
1367973315890012164,1367973315890012164,1614985228000.0,2021-03-05 18:00:28,-0400,,"If basketball doesn't work out for Luka Doncic, he now has a solid LinkedIn profile to help launch is corporate career.  @mavsmoneyball   https://t.co/nksVvuH25o",en,[],[],16577011,16577011,SBNationNBA,SB Nation NBA,5,18,https://twitter.com/SBNationNBA/status/1367973315890012164,['https://trib.al/990eGlx'],[],0,,False,5,0,0,,None,,,,,,,[],,,,
1367943098324639746,1367943098324639746,1614978024000.0,2021-03-05 16:00:24,-0400,,"The Suns are 10-1 when they start Frank Kaminsky and 12-10 when they don't. But despite those numbers, there are still reasons not to start him.  @BrightSideSun   https://t.co/jrsZdkYiOm",en,[],[],16577011,16577011,SBNationNBA,SB Nation NBA,5,16,https://twitter.com/SBNationNBA/status/1367943098324639746,['https://trib.al/QdCoV1Y'],[],0,,False,4,0,1,,None,,,,,,,[],,,,
1367912966990008320,1367912966990008320,1614970840000.0,2021-03-05 14:00:40,-0400,,DeMar DeRozan may be one of the most disrespected stars in the league.  @poundingtherock  https://t.co/55XD0L23GI,en,[],[],16577011,16577011,SBNationNBA,SB Nation NBA,5,14,https://twitter.com/SBNationNBA/status/1367912966990008320,['https://trib.al/0sIcLPo'],[],0,,False,20,1,2,,None,,,,,,,[],,,,
1367902936970444803,1367902936970444803,1614968449000.0,2021-03-05 13:20:49,-0400,,James Harden ‚Äòfinds his footing‚Äô in Brooklyn by re-directing advertising from billboards to shop windows     https://t.co/oTG2tDDfiJ,en,[],[],16577011,16577011,SBNationNBA,SB Nation NBA,5,13,https://twitter.com/SBNationNBA/status/1367902936970444803,['https://trib.al/TR5MiEt'],[],0,,False,1,0,0,,None,,,,,,,[],,,,
1367888805852815360,1367888805852815360,1614965080000.0,2021-03-05 12:24:40,-0400,,Nets interested in P.J. Tucker? It seems everyone thinks they are.   https://t.co/kPlFyL1KXK,en,[],[],16577011,16577011,SBNationNBA,SB Nation NBA,5,12,https://twitter.com/SBNationNBA/status/1367888805852815360,['https://trib.al/PlzVJ4R'],[],0,,False,2,0,0,,None,,,,,,,[],,,,
1367882694487650305,1367882694487650305,1614963623000.0,2021-03-05 12:00:23,-0400,,"Once upon a time, The Juice was riding high in the NBA.  @poundingtherock  https://t.co/RS85g306X7",en,[],[],16577011,16577011,SBNationNBA,SB Nation NBA,5,12,https://twitter.com/SBNationNBA/status/1367882694487650305,['https://trib.al/heiNm9d'],[],0,,False,2,0,0,,None,,,,,,,[],,,,
1367864690907488260,1367864690907488260,1614959330000.0,2021-03-05 10:48:50,-0400,,"Not many people saw the Spurs maintaining their place in the standings after being ravaged by COVID, but here they are.   @poundingtherock    https://t.co/sdaeBTxaXj",en,[],[],16577011,16577011,SBNationNBA,SB Nation NBA,5,10,https://twitter.com/SBNationNBA/status/1367864690907488260,['https://trib.al/oEtNyhB'],[],0,,False,2,0,0,,None,,,,,,,[],,,,
1367858097738416134,1367858097738416134,1614957758000.0,2021-03-05 10:22:38,-0400,,Danny Ainge likely has his eyes on a lot of different players at the deadline.   @CelticsBlog    https://t.co/zjxxiPoFFJ,en,[],[],16577011,16577011,SBNationNBA,SB Nation NBA,5,10,https://twitter.com/SBNationNBA/status/1367858097738416134,['https://trib.al/O9g439a'],[],0,,False,3,0,0,,None,,,,,,,[],,,,
1367852493733064708,1367852493733064708,1614956422000.0,2021-03-05 10:00:22,-0400,,Bruce Brown played mostly point guard last season. Now he's playing center? üò≥  @netsdaily  https://t.co/XbJvlCfNAz,en,[],[],16577011,16577011,SBNationNBA,SB Nation NBA,5,10,https://twitter.com/SBNationNBA/status/1367852493733064708,['https://trib.al/SSdR3gy'],[],0,,False,41,0,2,,None,,,,,,,[],,,,
1367846014862901250,1367846014862901250,1614954877000.0,2021-03-05 09:34:37,-0400,,Shaq was a better wrestler than any of us expected üëÄ   https://t.co/hvzHtl35Ka,en,[],[],16577011,16577011,SBNationNBA,SB Nation NBA,5,09,https://twitter.com/SBNationNBA/status/1367846014862901250,['https://trib.al/12Sidsl'],[],0,,False,4,0,0,,None,,,,,,,[],,,,
1367840562271956997,1367840562271956997,1614953577000.0,2021-03-05 09:12:57,-0400,,Does it seem like there‚Äôs more complaining about the referees this year? Wednesday was not a great day for the player/referee relationship.    https://t.co/OwNPcMbAz1,en,[],[],16577011,16577011,SBNationNBA,SB Nation NBA,5,09,https://twitter.com/SBNationNBA/status/1367840562271956997,['https://trib.al/9ok2DKE'],[],0,,False,5,0,0,,None,,,,,,,[],,,,
1367822274531823618,1367822274531823618,1614949217000.0,2021-03-05 08:00:17,-0400,,"Ben Simmons is playing the best basketball of his career, and @liberty_ballers can explain how it happened ‚¨áÔ∏è   https://t.co/qkBCkyyqUV",en,[],[],16577011,16577011,SBNationNBA,SB Nation NBA,5,08,https://twitter.com/SBNationNBA/status/1367822274531823618,['https://trib.al/BgQbU53'],[],0,,False,3,0,0,,None,,,,,,,[],,,,
1367613783200399361,1367613783200399361,1614899509000.0,2021-03-04 18:11:49,-0400,,Boston's offense ran smoother three years ago with a bunch of role players.  @celticsblog shows what changed to make them look so sluggish?  https://t.co/8uOyx97IQ1,en,[],[],16577011,16577011,SBNationNBA,SB Nation NBA,4,18,https://twitter.com/SBNationNBA/status/1367613783200399361,['https://trib.al/Hdziqva'],[],0,,False,18,0,2,,None,,,,,,,[],,,,
1367573861936607236,1367573861936607236,1614889991000.0,2021-03-04 15:33:11,-0400,,"Blake Griffin buyout is coming, but the big decision is whether he will be waived or stretched  @detroitbadboys  https://t.co/CCD1aVAB0O",en,[],[],16577011,16577011,SBNationNBA,SB Nation NBA,4,15,https://twitter.com/SBNationNBA/status/1367573861936607236,['https://trib.al/egHcIJ5'],[],0,,False,3,0,1,,None,,,,,,,[],,,,
1367508997138489351,1367508997138489351,1614874526000.0,2021-03-04 11:15:26,-0400,,Nikola Jokic continues to play like an MVP frontrunner  @denverstiffs   https://t.co/HoVFyMxJ3m,en,[],[],16577011,16577011,SBNationNBA,SB Nation NBA,4,11,https://twitter.com/SBNationNBA/status/1367508997138489351,['https://trib.al/4oOJfiR'],[],0,,False,3,0,0,,None,,,,,,,[],,,,
1367503512075186178,1367503512075186178,1614873218000.0,2021-03-04 10:53:38,-0400,,Turns out Shaq is a better wrestler than he is an NBA analyst.   https://t.co/aCatsnKMOp,en,[],[],16577011,16577011,SBNationNBA,SB Nation NBA,4,10,https://twitter.com/SBNationNBA/status/1367503512075186178,['https://trib.al/FsN9IKf'],[],0,,False,8,0,1,,None,,,,,,,[],,,,
1367493459804905473,1367493459804905473,1614870822000.0,2021-03-04 10:13:42,-0400,,The Jazz accused NBA refs of small market bias after a wild game against the Sixers.   https://t.co/zSyz9mnG3c,en,[],[],16577011,16577011,SBNationNBA,SB Nation NBA,4,10,https://twitter.com/SBNationNBA/status/1367493459804905473,['https://trib.al/oabcgMm'],[],0,,False,7,2,0,,None,,,,,,,[],,,,
1367411602245451777,1367411602245451777,1614851305000.0,2021-03-04 04:48:25,-0400,,Lonnie Walker is in the awkward position of being asked to do too little on the deep Spurs roster.  @poundingtherock   https://t.co/L2T7Z56IDM,en,[],[],16577011,16577011,SBNationNBA,SB Nation NBA,4,04,https://twitter.com/SBNationNBA/status/1367411602245451777,['https://trib.al/eA9Efqk'],[],0,,False,6,0,0,,None,,,,,,,[],,,,
1367214821641498629,1367214821641498629,1614804389000.0,2021-03-03 15:46:29,-0400,,"If basketball doesn't work out for Luka Doncic, he now has a solid LinkedIn profile to help launch is corporate career.  @mavsmoneyball  https://t.co/Hz7tJniMxg",en,[],[],16577011,16577011,SBNationNBA,SB Nation NBA,3,15,https://twitter.com/SBNationNBA/status/1367214821641498629,['https://trib.al/uvcVC69'],[],0,,False,7,0,1,,None,,,,,,,[],,,,
1367198292480819201,1367198292480819201,1614800448000.0,2021-03-03 14:40:48,-0400,,Bruce Brown played mostly point guard last season. Now he's playing center? üò≥  @netsdaily   https://t.co/lh2q36oHwL,en,[],[],16577011,16577011,SBNationNBA,SB Nation NBA,3,14,https://twitter.com/SBNationNBA/status/1367198292480819201,['https://trib.al/HZ2CK7g'],[],0,,False,3,0,0,,None,,,,,,,[],,,,
1367183964507697154,1367183964507697154,1614797032000.0,2021-03-03 13:43:52,-0400,,"The Suns are 10-1 when they start Frank Kaminsky and 12-10 when they don't. But despite those numbers, there are still reasons not to start him.  @BrightSideSun   https://t.co/JhkOzaerZq",en,[],[],16577011,16577011,SBNationNBA,SB Nation NBA,3,13,https://twitter.com/SBNationNBA/status/1367183964507697154,['https://trib.al/LSSVcqT'],[],0,,False,3,0,0,,None,,,,,,,[],,,,
1367178224053149696,1367178224053149696,1614795664000.0,2021-03-03 13:21:04,-0400,,"LeBron and KD will make their NBA All-Star Game draft selections this Thursday, but our @lakerssbn and @netsdaily writers picked on their behalf.  Find out where each player ended up üëÄ   https://t.co/Sh4gE9H78K",en,[],[],16577011,16577011,SBNationNBA,SB Nation NBA,3,13,https://twitter.com/SBNationNBA/status/1367178224053149696,['https://trib.al/C8zYJai'],[],0,,False,12,2,2,,None,,,,,,,[],,,,
1367157237249167364,1367157237249167364,1614790660000.0,2021-03-03 11:57:40,-0400,,"The Pacers are struggling to double-team in the post, but, thankfully, @IndyCornrows knows how to fix it.   https://t.co/6Q2UgjIXzF",en,[],[],16577011,16577011,SBNationNBA,SB Nation NBA,3,11,https://twitter.com/SBNationNBA/status/1367157237249167364,['https://trib.al/BEKjXMr'],[],0,,False,5,0,3,,None,,,,,,,[],,,,
1367134620597293065,1367134620597293065,1614785268000.0,2021-03-03 10:27:48,-0400,,"Shaq is an all-time great, but basketball has changed since his era.  Candace Parker schooled him on modern basketball on 'Inside the NBA.'   https://t.co/Sm2pITKASm",en,[],[],16577011,16577011,SBNationNBA,SB Nation NBA,3,10,https://twitter.com/SBNationNBA/status/1367134620597293065,['https://trib.al/lAE2n6W'],[],0,,False,3361,511,552,,None,,,,,,,[],,,,
1366883395935043592,1366883395935043592,1614725371000.0,2021-03-02 17:49:31,-0400,,"""Playing basketball for millions of dollars and not even having to play basketball.""  That, right there, is legendary.    https://t.co/fvuYKDqMzE",en,[],[],16577011,16577011,SBNationNBA,SB Nation NBA,2,17,https://twitter.com/SBNationNBA/status/1366883395935043592,['https://trib.al/5x29FJQ'],[],0,,False,1,1,0,,None,,,,,,,[],,,,
1366868471565463558,1366868471565463558,1614721813000.0,2021-03-02 16:50:13,-0400,,"For those panicking about how many minutes LeBron James is playing for the Lakers, the stats paint a different story.  @LakersSBN   https://t.co/idrwfJsW9D",en,[],[],16577011,16577011,SBNationNBA,SB Nation NBA,2,16,https://twitter.com/SBNationNBA/status/1366868471565463558,['https://trib.al/TvaChd3'],[],0,,False,26,0,3,,None,,,,,,,[],,,,
1366829624106352641,1366829624106352641,1614712551000.0,2021-03-02 14:15:51,-0400,,Alex Caruso could double the money he‚Äôs made over the last two years in the first year of his next contract.  @LakersSBN   https://t.co/SXazXRd9sz,en,[],[],16577011,16577011,SBNationNBA,SB Nation NBA,2,14,https://twitter.com/SBNationNBA/status/1366829624106352641,['https://trib.al/FhaEP6t'],[],0,,False,58,2,4,,None,,,,,,,[],,,,
1366812901798010880,1366812901798010880,1614708564000.0,2021-03-02 13:09:24,-0400,,"In many ways, the Hawks trading head coach Lloyd Pierce for Nate McMillan ""feels like rearranging chairs on the deck of the Titanic.""  @peachtreehoops   https://t.co/aWP7QTo53K",en,[],[],16577011,16577011,SBNationNBA,SB Nation NBA,2,13,https://twitter.com/SBNationNBA/status/1366812901798010880,['https://trib.al/WTdI0qh'],[],0,,False,4,0,0,,None,,,,,,,[],,,,
1366780650209095684,1366780650209095684,1614700875000.0,2021-03-02 11:01:15,-0400,,The Nets just broke a NINETEEN year losing streak to the Spurs.  @netsdaily   https://t.co/M2J4yyHIu0,en,[],[],16577011,16577011,SBNationNBA,SB Nation NBA,2,11,https://twitter.com/SBNationNBA/status/1366780650209095684,['https://trib.al/tQrWP5A'],[],0,,False,3,0,1,,None,,,,,,,[],,,,
1366594321378664448,1366594321378664448,1614656450000.0,2021-03-01 22:40:50,-0400,,Damian Jones made a strong impression on his new teammates in his Lakers debut  @LakersSBN   https://t.co/0XhfrxS0cX,en,[],[],16577011,16577011,SBNationNBA,SB Nation NBA,1,22,https://twitter.com/SBNationNBA/status/1366594321378664448,['https://trib.al/I2VZneE'],[],0,,False,24,0,0,,None,,,,,,,[],,,,
1366511738989015045,1366511738989015045,1614636761000.0,2021-03-01 17:12:41,-0400,,"After a 63-120 coaching record, the Hawks have fired Lloyd Pierce.  @peachtreehoops   https://t.co/Iw5rVTNP8z",en,[],[],16577011,16577011,SBNationNBA,SB Nation NBA,1,17,https://twitter.com/SBNationNBA/status/1366511738989015045,['https://trib.al/5YeQr8C'],[],0,,False,1,0,0,,None,,,,,,,[],,,,
1366487879468335109,1366487879468335109,1614631073000.0,2021-03-01 15:37:53,-0400,,Damian Jones showed us why the Lakers should consider upgrading his contract from a 10-day to guaranteed.  @lakerssbn  https://t.co/IaPeWsxa1S,en,[],[],16577011,16577011,SBNationNBA,SB Nation NBA,1,15,https://twitter.com/SBNationNBA/status/1366487879468335109,['https://trib.al/fjVyRNy'],[],0,,False,44,1,4,,None,,,,,,,[],,,,
1366473800091652101,1366473800091652101,1614627716000.0,2021-03-01 14:41:56,-0400,,"On the surface, Victor Oladipo declining Houston's extension may look bad, but it all may be playing out in the Rocket's favor.  @DreamShakeSBN  https://t.co/OULCtCLGdV",en,[],[],16577011,16577011,SBNationNBA,SB Nation NBA,1,14,https://twitter.com/SBNationNBA/status/1366473800091652101,['https://trib.al/dfIjkC9'],[],0,,False,33,3,7,,None,,,,,,,[],,,,
1366449731266883588,1366449731266883588,1614621977000.0,2021-03-01 13:06:17,-0400,,"The Clippers free-throw rate is just fine, but they are battling the perception that they‚Äôre a jump-shooting team.  @clipsnation   https://t.co/WL6Y4NcCja",en,[],[],16577011,16577011,SBNationNBA,SB Nation NBA,1,13,https://twitter.com/SBNationNBA/status/1366449731266883588,['https://trib.al/iSkfzG9'],[],0,,False,2,0,0,,None,,,,,,,[],,,,
1366429550503211013,1366429550503211013,1614617166000.0,2021-03-01 11:46:06,-0400,,This $4.6M Luka Doncic card is the most valuable sports card of all time   https://t.co/IpzLjXoj98,en,[],[],16577011,16577011,SBNationNBA,SB Nation NBA,1,11,https://twitter.com/SBNationNBA/status/1366429550503211013,['https://trib.al/pQWgnna'],[],0,,False,11,1,4,,None,,,,,,,[],,,,
1366399253187342340,1366399253187342340,1614609943000.0,2021-03-01 09:45:43,-0400,,Victor Oladipo turned down a $45.2 million contract with Houston.  @DreamShakeSBN   https://t.co/voAmTtfPVg,en,[],[],16577011,16577011,SBNationNBA,SB Nation NBA,1,09,https://twitter.com/SBNationNBA/status/1366399253187342340,['https://trib.al/W6pnxxL'],[],0,,False,10,0,0,,None,,,,,,,[],,,,
